{
    "rmse": 0.8866582422669452,
    "mae": 0.7026367632647502,
    "r2": 0.007838913954555271
}